{
  "$schema": "https://schema.management.azure.com/schemas/2015-01-01/deploymentParameters.json#",
  "contentVersion": "1.0.0.0",
  "parameters": {
    "WebVMName": {
      "value": "SRV-WEB-01"
    },
    "WebVMAdminUserName": {
      "value": "Administrador"
    },
    "WebPublicIPDnsName": {
      "value": "crehanaazcourse"
    },
    "WebVMAdminPassword": {
      "value": "Cr3h4n42020."
    },
    "SQLVMName": {
      "value": "SRV-SQL-01"
    },
    "SQLVMAdminUserName": {
      "value": "Administrador"
    },
    "SQLVMAdminPassword": {
      "value": "Cr3h4n42020."
    },
    "SQLVMSKU": {
      "value": "Standard"
    }
  }
}